temperature,pressure,vibration,age_days,humidity,rotation_speed,failure
74.9816047538945,7.2834554261777065,0.9256646441930982,816,24.52316758908603,562.8548956931818,0
98.02857225639664,5.824867297097083,2.7095047368917906,450,22.98432465009229,2236.1261403267717,0
89.2797576724562,3.78574854657695,4.364729179382041,454,45.998599735509856,705.5176592794542,0
83.94633936788146,8.324155177362538,3.661124432047806,924,38.609579565801944,2776.6914485878488,0
66.24074561769746,7.162580552984913,4.032805739307249,629,65.22630864237556,1661.083090563857,0
66.2397808134481,2.463552454104022,3.293916833553587,221,54.95336844850328,843.8094370425385,1
62.323344486727976,9.198344660444583,3.4613828225892624,154,38.62134946037665,1352.0392494746166,0
94.6470458309974,8.402835186308522,4.2459782578265965,665,30.446644456512328,912.0616883669052,0
84.04460046972835,9.548199219627316,1.2483400442959298,12,28.90398338812147,926.454778892725,0
88.32290311184181,7.531475575495239,2.4471248182157024,133,80.52622744982924,2870.2708004286055,0
60.823379771832094,6.520736763422109,1.1060472090980111,994,37.0434577883407,1613.1152807119704,0
98.79639408647978,4.76418732661557,4.938340039983235,304,65.61974535376778,2472.005659763399,0
93.29770563201687,9.39455635018612,4.720296698433066,293,76.74801495903864,2099.0139029442043,0
68.49356442713105,8.794575005503674,0.1971340568425295,975,62.985691782931525,2191.0659058459805,1
67.27299868828402,1.4069680309557047,3.5278758625784423,300,80.16956621528621,829.2335961800964,1
67.33618039413736,1.2373027704752682,4.626241587078329,740,47.467560506993216,1085.4611170387143,0
72.1696897183815,4.388170301902447,0.9028767256366677,783,86.93555334542638,2466.875837886092,1
80.99025726528951,8.294979977036496,2.839726152763147,43,29.320150292466785,2926.9155161869576,0
77.27780074568463,9.8854851638345,4.577441487940209,944,27.150467076027667,1156.6891064966294,0
71.64916560792167,2.3537520199317536,0.1697298929289942,343,66.10845023452106,1178.9219118775995,0
84.47411578889518,6.347176438169216,3.4871013362341996,326,85.99817989892833,1682.242832027262,0
65.57975442608168,4.428017709679194,1.4867450368627537,814,76.62184231454296,2959.6007821385947,0
71.68578594140872,9.72922958033143,4.621980976882652,498,25.3491801606636,1172.3973645661777,0
74.65447373174767,8.579070308221379,4.855291225826839,364,39.55573997543014,1517.4297740856596,0
78.24279936868143,8.54495834240024,4.721332445567169,891,85.12232193864766,2728.700039058767,0
91.40703845572054,5.218238438154732,2.371071083287319,427,37.71409029605492,507.302581553405,0
67.98695128633439,4.733375521038987,4.310213254946567,21,74.68192966508434,599.4149124714238,0
80.56937753654447,3.4606636473763563,4.222746992675352,407,77.75925371500927,2010.1791926780481,1
83.6965827544817,1.507379469858344,1.5955023662162782,619,54.681647242268724,2768.4504117821175,0
61.858016508799906,8.782501386295479,4.144577370753387,336,47.044423689382086,1097.141651004819,0
84.30179407605753,8.316109082170698,0.1850381735774631,815,51.50871026938317,1674.1044367017726,0
66.82096494749166,9.997459059575176,2.981349392410265,117,35.88752860557549,1626.1632541445458,0
62.60206371941118,9.969731533665149,1.1500441864385151,124,82.2573641290191,1682.4283652387753,0
97.95542149013333,5.998885350423647,0.602834428886394,399,51.54337597108305,2056.299239324363,0
98.62528132298237,7.9208867366245945,0.3847660081460458,793,81.77216083192698,1674.3594074767095,0
92.33589392465845,9.502891568941852,3.4814438793906985,804,27.398543593439186,1618.6703533061445,1
72.18455076693482,8.646826516096702,1.6993748188403308,715,89.17926897000919,1685.7210510781513,0
63.90688456025536,3.226132915688779,3.6238338576438074,51,51.02911612105328,1977.1686031776037,0
87.36932106048627,5.054897217790842,0.32678170399471185,783,23.34815742758738,1842.518720878396,0
77.60609974958405,2.162434736363455,1.5764516891530516,324,22.661529376621843,2635.3399941262605,1
64.88152939379115,9.586459245328502,2.697456461876686,789,72.2345080237287,623.7421337341666,0
79.80707640445081,6.455571710057921,3.953615824194818,141,66.13248739425765,2583.292678682531,0
61.375540844608736,3.0577852495311646,1.5937625146603496,470,76.14913906893113,2609.81153152931,0
96.37281608315129,7.045306159652711,3.1294568821850453,787,27.375727376696418,1212.270053827402,0
70.35119926400068,6.5631541641210625,4.429888741180935,802,22.489960692488385,1657.1298875396267,0
86.50089137415928,4.223464462295564,3.0793159409115227,334,55.60055026133049,1596.3462213435887,0
72.46844304357644,2.022018329796661,1.164797373768169,893,47.13166620379387,1046.274585885326,0
80.80272084711243,7.044158760335196,0.1220039077826901,964,52.3362855669669,1491.9921177157912,0
81.86841117373119,5.68276930813414,4.350494369504649,373,89.41118862091918,610.9694304271361,0
67.39417822102108,7.950865525620754,0.10634705425193569,564,87.95249703694691,1194.5551819543361,1
98.78338511058234,5.68147151000794,4.3735083634209975,494,85.9620772771235,2541.7054386267955,1
91.00531293444459,8.669633502866862,2.64468567013606,539,74.86898737373717,1211.4057544072439,0
97.57995766256757,5.9671615489703695,4.695338492564481,669,44.838895217982326,2545.5166718706187,0
95.79309401710594,6.0484417438184765,3.993916178868327,751,48.84916511839401,1828.9986615110772,0
83.9159991524434,8.889882423925105,4.989670552666688,156,58.47312306032471,2699.6566934029,0
96.87496940092467,4.631345795911574,1.7535590772585508,291,78.1374119483388,1936.948885661038,0
63.53970008207678,2.2061370560557667,3.8359414446556346,648,24.809898276278744,574.1705576618496,0
67.83931449676581,1.2590440868200508,2.009654568046211,144,49.70078201194217,2188.550518867723,0
61.80909155642152,7.796235301062571,2.3993781015195443,106,25.78323644214881,612.1339200589216,1
73.01321323053057,6.582785962181182,3.1375273160918504,420,56.02603106014581,1626.492547457835,0
75.54709158757927,7.336717912893012,4.368385570931694,670,82.92305768043647,2823.566736182785,0
70.85396127095584,2.9166774535801965,4.9204173459964755,658,74.77394471947565,913.0098483446254,0
93.14950036607718,2.2273432802809277,3.841367069322591,2,35.948969228017695,1474.6808823538604,0
74.27013306774357,1.1309019910109375,2.088833910836669,945,88.31935947191548,2324.650772121196,0
71.23738038749524,4.155288029259372,2.106785011385351,589,66.71452786324998,2705.646390237119,0
81.70784332632994,6.309259181691698,3.6879115079444573,644,20.729938957818213,2177.3575118562694,0
65.63696899899051,4.530196405897591,1.1938857288415117,90,37.878943927965366,1145.4331354779229,0
92.08787923016159,4.937274298213562,0.5523705656569733,345,38.24993099439416,2186.5196322905404,0
62.98202574719083,9.137428250443735,1.7731107882038826,350,24.847801440010194,1241.819102760225,0
99.47547746402068,4.134299203209704,1.4361949582704088,459,87.18785626531503,2296.073074546838,0
90.8897907718663,5.625905402438297,1.4815406022799504,263,53.47787062031466,2885.0828189626013,0
67.9486272613669,8.052877114670288,1.1680387552495497,351,82.70702181603173,2303.4836277657205,0
60.220884684944096,4.568885040891431,0.21046594818180941,108,42.55508524112398,2657.201257281031,0
92.61845713819336,6.598780302050861,0.08936967366706905,586,28.7663499302979,505.25960793970853,0
88.27429375390469,8.761273378720706,4.938611948680157,39,53.20352769343497,2293.930311828986,0
89.1602867216395,9.54568561291878,2.138865668679312,909,27.9769644300022,2573.968892163126,0
90.85081386743784,2.323661328361341,1.9216332357984083,159,54.02108520842779,601.3968438617036,0
62.96178606936361,9.339288626453449,3.3982364134653493,583,84.42080268535854,2678.9943182205766,1
74.33862914177091,5.429046637715844,1.0912694393253208,959,56.45376992839489,1141.7355707751146,0
64.63476238100519,3.324199494690625,4.749805919751127,312,63.15498088265584,2163.230254945138,1
94.52413703502374,5.132221806144352,3.9317250720777603,241,30.964690588166583,2500.8871975585166,1
84.93192507310232,9.820293177569294,0.44705501156129757,938,23.061493811597863,2156.661282648389,0
73.23592099410597,5.4335628459358265,2.087903878924642,445,27.75655735258649,730.711980183143,0
62.54233401144094,3.958764492587574,4.395591537810823,298,61.897210297905595,1990.803797150921,0
72.4392928686265,6.700607688850532,4.723660111457051,952,26.650818929461327,1873.959141805359,0
73.00733288106989,3.1613105690037377,2.3370075562493486,36,46.319502295891795,2750.803170185679,0
89.18424713352256,1.6827699529779752,3.0670569460535386,84,58.50643583207092,1510.599324110523,0
85.50229885420853,2.159917497195843,0.8351697304603761,452,47.205695904089296,1302.7027427176254,0
95.48850970305307,2.152412550619952,4.955843130684883,886,31.457866102571103,2374.6269110911653,0
78.88859700647797,2.3671242416106493,1.1583585069172169,775,39.16539152598746,1531.6883152084915,0
64.78376983753206,2.2494445538446914,4.713658870675628,822,84.98222729940039,2115.2404375126575,0
88.5297914889198,6.767872703228932,3.2482332449618423,385,67.31875929104487,2116.125225311517,1
90.4314019446759,2.6369207595923037,3.0386839743942957,172,54.72334870759206,2720.0976609002946,0
82.45108790277985,4.111005549914768,2.563442555082543,376,20.890042299082545,1996.7310057977434,0
90.83868719818244,9.071095689154106,1.1533490585887933,685,89.4690780342629,1755.3840249049672,0
79.75182385457563,5.265654762365851,0.8826401600275413,362,67.00184544262503,847.1783159912925,0
80.90931317527976,7.008019646689244,1.1024310453508768,559,42.18457341414614,789.3440166967634,1
77.10164073434198,2.5508788408146685,0.9321913107212726,891,81.54880619984868,885.8039132076985,0
61.01676506976381,2.730601169278037,3.8979223678337664,141,38.09021342042727,929.6212033177362,1
64.31565707973218,1.3678175463983098,1.7506262958336505,887,58.08116054279261,2094.6927316590845,0
61.25716742746937,2.520415567649481,0.28921338281698183,918,64.52495346108776,2352.4531256864466,0
85.45641645055122,3.5073130512876274,4.845513150704057,118,35.47443600176099,1824.9788073160469,0
72.57423924305307,2.5930943584907213,4.4189294248171285,277,88.48780951604171,2572.5443313637275,0
80.34282764658812,1.7983228038135004,4.638761415976065,726,72.37343341852983,2978.158066834083,1
96.30265895704372,2.085722839905407,4.974539113232177,220,59.046925785774896,2550.0315727983902,0
69.971689165955,5.147008912294532,0.8694762460974365,905,32.64162187227106,2237.205934189898,0
76.41531692142519,2.8570034656521326,1.9812100945132938,26,23.770074489861827,1831.2317485928666,0
90.22204554172194,4.278428749432679,3.7911923785204564,521,42.404188276468844,1622.1326791867705,0
69.15192661966489,5.530755437693712,3.480103090268961,783,72.72311351393819,710.9809513613559,0
63.07919639315172,7.213553457664288,0.7694795316992753,10,38.85319088114176,1498.4218709867273,0
71.59005811655072,1.3538092585698904,4.079165624953089,984,57.76893543468536,2775.3365919553357,0
66.44885149016018,8.194693590181384,1.1222028591833033,378,70.95630237115202,2520.0565747663823,0
97.18790609370292,6.6511035054181695,1.1190880741131153,633,27.556060025252506,1040.1284125292182,0
92.32481518257669,1.7358312875398472,2.6848721144670677,637,67.97086112811114,1666.5194617430398,0
85.33615026041694,8.862207616960994,2.9646996742085157,682,26.43096213970313,2541.8080063963616,0
94.85842360750871,9.287851604786319,2.9004310391890558,584,87.55908194888976,668.4613869638063,1
92.14688307596458,1.5497016386937736,0.45743418698877436,152,54.18758910454577,1468.4814641716482,0
67.46280235544144,3.4918988333248335,4.387304313151902,720,30.547327539691416,2629.603092184869,0
95.70235993959912,8.255811518137552,1.3280002129435302,49,43.96685452234826,1509.7446604253093,0
81.57368967662603,7.734337213452926,0.6475746064140209,154,48.939151450668305,694.0366118286022,0
92.2976062065625,2.6606891742073957,4.443740399344886,859,73.07295077535761,1856.3359213306287,0
95.84365199693973,2.8841439100303927,4.778257491148767,293,72.03966502536265,2654.3562372957385,0
72.72013899887456,4.334248925122438,4.310638086327253,580,62.83583537361317,1975.7138573828993,0
64.40207698110707,5.360706866719192,4.04758037362439,50,27.415149879094507,1065.6977705355794,0
69.11740650167766,6.564292943772664,3.2762099031951086,664,30.60985601113715,1460.5990503434532,0
77.08431154505026,4.320222756127952,2.7542868530456968,531,26.562984445188963,1625.3084029548304,0
92.72059063689971,5.162812445198331,0.4349337995570507,612,60.402094830128505,1948.165884551317,0
94.42922333025373,7.727238443203809,2.0422660653534934,60,81.39969090579828,2398.3775643815325,0
60.27808522124763,1.330148826015381,1.86344258506157,167,50.36603585783402,747.1840441015885,0
80.42989210310263,3.2719324990961867,1.2987689188016311,202,31.259372177042234,2724.1300825439157,0
76.69644012595116,7.420146272960972,3.6171005684429245,857,59.06296276042769,530.774257540189,0
68.88431241882921,9.056861539184794,2.4793786753938543,146,76.8226551805997,1425.130836685638,0
64.79461469334731,5.6050969790409955,0.40523107953823967,915,71.9198443059051,568.5507749316441,0
73.50460685614512,5.789021367387841,1.1009160097490567,676,81.7015545772515,1482.435563363228,0
97.71638815650077,1.9645481020579845,3.4162938182979796,970,39.45314680742075,1814.5314971833095,0
72.92811728083021,5.026711301411092,0.3806542974515009,993,33.57677070874424,1779.2034664537794,0
80.75162486973464,5.793555398095209,4.256034570243844,439,81.58715401593571,914.0708675706634,0
88.12075835580711,3.1822345327125667,2.4757326350698716,242,66.02922189446161,2114.3512752390307,0
74.54518409517176,3.4231890785444286,2.40293288663324,581,41.76502510052879,611.9461262616705,0
98.87128330883843,4.395557467941604,2.962038923297588,687,71.96436354007565,2404.7670503310383,0
98.49789179768445,1.1806407799995373,4.123404829625746,561,77.05828691362575,2866.6110849838656,0
70.07129183301457,3.8987124902486046,1.7390460395109653,483,63.04847682387926,1349.4220678777947,0
79.88994023569542,2.9030320629689017,3.390080762795318,108,68.15188769159406,1793.0984542858298,0
72.03513239267079,3.9474761696012317,2.8286598199789554,226,46.268193310986646,1447.275695147036,1
71.3936197750987,2.077859186373261,1.3351413508471066,673,57.70869671401274,516.7759757601499,0
61.47547789418131,9.014745526659055,4.39314993177579,631,56.69114195083136,1464.68625723779,0
84.38257335919587,6.342332081986438,3.9871301080346404,661,79.36334537915403,2479.300648153366,0
80.10716092915446,7.111920872300407,3.2922591732921274,977,78.79747861975278,1989.9721054587046,0
62.05915004999957,8.102541147466045,4.2529086454712095,662,78.28763285429302,753.1497865378973,0
71.14585856946445,5.485979790361515,4.336471004799012,432,20.772212998372606,2617.8487242344627,0
96.33063543866615,1.7822825927868133,3.541814883575174,805,72.46818391282218,1827.713362213107,0
69.5824756266789,5.83395887636693,4.18506664181836,655,73.10734730777034,2604.3084043616905,0
65.79579488364892,6.281570062187912,3.487357308346418,419,67.48651759985992,1950.5537969625734,0
79.57811041110253,7.70895526765897,3.400703858801502,988,72.93852605240168,1899.2211120948498,0
99.42601816442402,4.884935916067114,3.0930568910759213,455,78.93792600476961,763.1479629925309,0
69.68221086046002,2.148222725160074,3.763583197788206,160,52.922333787125,918.3993328465699,0
86.88542189623514,3.55398315218852,0.7930255264653685,523,55.1435149441913,2930.0631412414778,0
90.46478461314871,4.267740667587716,4.404353795994642,650,28.729983983797332,1071.216866886927,0
69.50550175969599,6.8132551719844106,4.35921763872616,969,46.97631181331533,2943.6302949759197,0
89.12865394447438,6.137004742020207,0.14623641517279573,590,65.0355625938249,1829.7817663106584,0
74.71132530877013,4.204870533080616,4.129083752823814,77,74.62798433030922,839.4726176598429,0
85.29223322374318,9.878637239136816,0.644349337367226,509,35.20463683838474,748.2555068842323,0
85.34118843043579,6.451973374211985,1.6755942712957095,441,29.647602941146477,1022.1601767643499,0
81.43098736299034,3.1350411256239505,3.717541281458039,254,66.41294031503446,2814.0933250633393,0
63.61159080217633,1.9160422535836337,0.803799480241541,921,20.131591846743746,1535.375560820567,0
93.41209982356952,2.375732252658988,4.0898351205953105,770,32.48608090151309,1488.585669982286,0
72.83120259886944,3.213619555460573,4.16067088978871,320,22.03499662407676,1283.015652675435,0
67.46074041599417,2.446132359336001,2.537338668804181,803,31.681958249840964,867.6546264164709,0
61.63100566219056,2.679103216461752,0.0319293585841679,263,32.69234959478537,1719.6279929810162,0
83.63571772752968,3.565856518244624,1.435190665874564,597,47.13715163252759,825.1194562778467,0
87.1025744736913,2.560362357652793,3.084634591878711,658,48.16289872805892,2588.700590955819,1
60.663513157114245,9.070888821637826,4.9059308901371175,835,81.19837294271665,1425.9924656882663,0
80.48372233197124,1.7221037109547799,3.1590676350833418,554,55.707679874917766,1437.0089194544908,0
69.05983100791752,5.720602506132292,1.2990179053207989,374,70.63833359286005,1685.0160712078898,0
85.80691161637799,4.693571442906954,3.170028515498057,637,27.28961505442012,1610.319282914379,0
66.97465716019965,9.841407552177458,2.6999268985792773,167,35.78071288245857,2987.144932648304,0
87.63750952409865,2.008350119512471,3.899226975755718,937,69.20604086850737,1863.4528030457564,0
75.46941385202149,4.580700391411675,0.534903194134792,753,23.696277232796966,720.5042594746767,0
97.46919954946938,9.72523389947832,3.80513951251014,459,54.06183635706272,2017.1933539423248,0
65.50083776583973,8.789564133045822,2.7063328933805515,999,61.95582759640537,878.9607321746998,0
73.64265404201034,8.353648638543518,4.814960019294973,280,62.15019508367367,577.3441118283549,0
64.53894084962356,3.3211254434044584,1.7093608301934304,700,21.605296788762942,2926.8553841931202,0
96.98774473114251,2.5379882865105925,3.1631094656697405,302,42.54756029604299,2433.84722883641,0
95.09357413523924,7.017788979319879,4.660140527550087,531,64.55434557344078,2950.2724810344175,0
70.31766510860622,9.364383902148273,0.5125486399533963,580,30.42998153044704,1694.6961200556061,0
86.39936184136715,6.010866037125368,4.686142436182256,218,68.67909538296374,1830.6438278724404,0
92.68888800804864,6.144514205229099,3.439428611504067,102,72.21476461695721,920.8423897978255,1
82.2080324639785,3.5198118429425573,0.3391852955258595,554,88.73784333123017,1117.268566668964,0
81.18602313424026,7.925436398727432,1.5048178347340813,288,34.68893963994866,2596.3730372570703,0
69.67409163601806,2.6833937370177106,3.540860443226408,167,77.75914673662805,1390.4641177939852,0
63.72411071223597,3.913113127638193,0.3367530073438585,621,56.42076038430579,2567.0374344910474,0
95.88863031813307,4.828927947547751,2.9108523008813663,36,46.14238173009214,2272.5343107175795,0
96.01672228653322,5.568493408160095,1.7294152847647837,744,28.566373012762455,942.9273131796638,0
85.32405829093072,3.181687591735722,3.1045775888373854,741,71.48539245412763,1768.6159152993553,1
73.56119164194803,2.033531422652832,0.22871016906256425,353,36.5100319400581,2193.468303796792,0
73.96838298450643,6.495580381974693,4.357684030761881,676,45.99954013111321,1087.5930370095627,0
89.03822715480958,3.597674979162302,4.867444845886984,899,24.37795588281579,2576.721276300192,0
95.88441039810309,6.231143992803511,4.8443892764284575,73,76.09568410736634,1862.069143862967,0
95.48345697060469,2.389264437467821,3.7482591587146237,648,73.66119667801503,913.105126106508,0
91.19502183430495,5.330260916693358,0.6504312006531598,353,71.35310810296187,1957.461065411506,0
85.68126584617151,5.793304892964272,3.791315979645113,891,40.96104573443206,2999.2845103897853,0
63.365598599801956,1.4664118314018422,0.12293458229400755,70,32.14360519861701,876.3037291585339,0
66.46514856378455,4.029438503745285,0.11061775764498627,425,64.62872851291608,2541.89232529882,0
95.94216754108317,2.209732092450768,1.6180510957477061,999,54.731646887925365,1018.272507968895,0
84.2571623863836,1.5703747342549097,2.443215952023329,708,32.47767268332491,2455.9708236502183,0
60.36788206466519,9.909642091509507,3.852037089038966,781,68.01378897349046,2336.444807803533,0
64.05886171464128,3.9011846047725065,3.416476883032526,561,89.37885022749126,1251.223464001081,0
86.54007076432222,8.288870012691714,2.229513531883742,828,72.30537114194263,1314.5577939111245,0
60.20246335384875,3.2917658928738747,1.3681333314083295,642,71.79904706799283,2481.303479907298,0
66.43232205669995,7.133524500015364,4.985622500788556,956,86.52189270514143,1653.6137797182816,0
81.94935157466344,7.842050739007179,2.1309065111798646,517,34.20554573024315,2327.045071779522,0
87.67580790770774,6.360748665470599,2.2569351216483775,428,59.588497544500825,869.9603684145869,0
86.07845038010402,5.244185696951425,0.8181191059583459,539,88.57527005237185,2631.3944547538836,0
68.9707723784224,4.706568227325417,3.974047743749647,160,31.57058776791222,2277.2117917057976,0
88.48716885390144,4.139814398886958,3.468411128907443,149,69.01763716111647,2767.3570220870847,0
69.489963499872,9.365762298230432,1.103848063943802,776,61.006710218033135,830.9309475874311,0
73.01598792637071,8.475574670089562,0.4119052280792135,230,61.05353645320949,1982.5362509014942,0
89.85965620472096,9.685242195998613,3.4024965103735654,712,68.83694392640527,1997.801462600813,0
85.98531596188859,2.1186750113699024,3.2725560714056763,562,85.0731846012979,1383.6518513669562,1
93.96893641976712,7.577807276832798,1.3662976349910467,67,74.78073578959365,1646.1660614231446,0
86.30451569201374,9.44506411138934,4.754317811252052,812,23.9295272391347,594.9539082246337,0
82.73234413341886,2.6310975954909415,0.7552894589045012,381,79.6909613912998,2364.65009656753,0
63.7469907131237,1.5984664063009975,2.1616740052130097,58,35.787893094801284,1873.306198507935,0
74.70863212237734,7.670085843610531,4.718079600837994,259,46.38399153154604,644.3526296729344,0
70.60809470726902,6.170258018619207,2.0986365846306114,342,52.32129695286675,2201.889732401214,0
69.75958573516334,8.576458990824449,3.1926297383204276,838,53.663420052714876,1666.9551930779699,0
98.92042219009782,2.2579513896366055,1.9879719898139714,130,50.46262794787498,586.1531485625001,0
75.72390898667041,8.15740580673901,1.3710760117433503,727,85.61473059511052,2924.0193171202386,0
95.68186220708454,2.8146458804297008,4.919888239799141,172,69.42133053648172,2872.7803577236014,0
85.24554503989052,2.4729034857913406,2.046670031575215,770,64.18194521696944,1782.2560403679938,0
91.79245214166593,2.4783921813789362,4.470496018395672,614,23.48894194480591,734.1810517647755,0
80.10548372420769,8.33117248208244,1.149773029455431,209,83.27393311822622,2386.5530539964793,0
83.07615538505436,6.986774986265801,1.0655235201254165,803,83.65731344058773,1729.8277502643225,0
79.70070775275455,5.707588822922074,0.1556704144225568,354,74.61491444010716,1256.1186957234497,0
67.80971951192178,4.229474357111522,3.2583341268794253,471,20.49204426695334,1728.545443821392,0
88.89808461046022,8.894804867317974,1.8426317186188057,798,24.009617575433637,1806.1103635136612,1
71.23089449763424,4.532005966803719,4.321791249198185,116,35.76565915879428,1906.779247555848,0
60.97263865725815,8.349394955244193,2.366049533457786,264,29.194458570143468,1603.0592841383163,1
85.81889183628671,4.952214177131966,4.840967139573609,662,47.91852207926106,2014.3882578476416,0
67.08442717628196,4.392499864824169,0.9276275785156057,812,84.58361406614527,2796.8367765159433,0
97.61834337411656,5.164118071026458,4.343115839778054,442,53.04423039378988,1405.6702177464779,0
98.1571430801035,3.7124008674772786,3.8829842639587087,548,20.938183850251594,2314.291158049873,0
96.59457560881793,7.72848442158626,3.85460922322026,453,39.79219827051334,2736.1313920605803,0
74.80634801021777,5.5244835108323125,4.223916140584438,845,23.121643586107307,1639.9481893998422,0
60.6182646611547,3.0899142563213555,3.8051199547149945,477,22.540133582945153,1608.6395909547603,0
97.13274250350901,9.096171159471115,3.131101608157077,287,39.300389716688656,2005.2924633869488,0
77.12736593269257,4.455020992358903,0.6562243884119379,303,39.29286370752618,1978.5168985562202,0
98.66619276174679,5.891975750025898,0.16263089745625958,311,75.09886218211228,2516.4733558156922,0
98.54479908357011,9.158248998680923,4.604239239078434,208,88.23842569467783,1691.2084594457317,1
94.12037821869441,6.618141963225929,3.0832515726036904,618,45.984496572299875,2990.307374098603,0
71.77795568278343,2.0520823663752767,3.9826864548808816,446,50.02208152027271,648.678922168202,1
75.403909144077,9.458489112521276,2.4076117575627505,670,79.1352605400215,507.9196214517543,0
94.04546686067428,6.6493724776427605,0.5865409448119724,633,38.769731406685935,2100.4957788990596,0
72.6768802062511,4.014150531913775,0.6259289610127522,55,30.946726308241356,1246.0872809046919,0
66.7797098674437,2.2534486539704854,3.4278264361448567,912,79.71627363825553,1100.9559717487095,0
82.27205049833401,8.146226703432664,2.1515294744973135,12,23.255041050804586,1279.747700010701,0
97.44619096643123,6.580654803356621,1.0026236335016836,657,63.3789608139591,1140.1189127623857,0
87.84119186699891,5.801149827786894,2.4579727337071846,400,59.339499322676474,576.9751241511196,0
82.8024468035746,9.045033247458619,0.32104468537567044,908,44.214431325118596,2928.8326059764718,0
63.887059750830744,8.097374901020777,2.909857009571994,648,42.06326647681513,1051.8637211319542,1
84.6002890679668,2.365073917594761,1.3449670221754884,980,74.0300408327135,2335.0744064732658,0
99.60215400417053,3.805498610159934,3.9877955031859407,515,26.049722753378255,2406.490986735438,0
65.60336060946096,3.236402258330192,1.5518097946178688,656,36.57490165179698,2823.1434950180733,0
80.73318609454947,7.695516633154092,2.276100745409006,542,71.2714112286663,576.37364273345,0
95.09492287711822,1.3017919126220145,0.05810269954050318,237,58.3824408608497,2680.1208461175192,0
89.63074471016817,6.129007163841849,0.3622344389727944,279,28.959174597351048,1818.0654520995006,0
87.88062963981072,7.862128171666215,1.962467782033424,348,81.7494929997442,2081.36027491457,0
88.09936335948437,8.890890730855745,2.3996941735856177,627,47.54134925945141,2111.1756928025843,0
74.3796460487902,4.078735738443167,3.0001027405965184,104,77.95078627255211,2549.494512461819,0
71.74367377057973,8.391315742048116,1.4583128935465162,630,75.1399110869396,1333.5183053977762,0
92.37444621914054,1.995685632596865,3.474909430632713,517,63.709781253020964,2332.6279746499836,0
92.40453578716723,8.618070625610663,4.300611985946023,980,54.613679190656505,1821.4452743054928,1
94.68289274320415,2.147397960987842,3.8992549444667493,872,88.56855882672298,2483.4850357633695,0
96.52962210225886,4.575585615043305,0.19809412674178573,248,30.147555066587195,2976.3650819253335,0
80.4536959544375,8.175658292015981,2.4025347362891445,364,70.76090092857804,1001.627543509403,0
80.06065178748798,2.349256846138964,0.5246508920908743,321,33.383349102535234,2986.6216038999946,0
91.931807158671,3.0632625570937733,1.2102250793126372,633,43.67841737326439,724.530385706935,0
85.99855723111061,7.500273115537596,4.933312966335732,286,41.60891203612367,505.79386976203466,0
88.07867509030814,7.480328828914669,0.7124777145075661,149,86.29251914171061,610.4048404445782,1
91.83170677744404,6.770328695967676,2.4944407672567803,84,87.71493244517926,1354.4560118419042,0
95.60021367270265,7.2455360002039,3.0907786715905954,966,32.8110810964309,2082.2658266960852,1
73.51980627406144,5.884519990128366,3.5123248527205195,406,21.54246122082529,672.5738522196241,1
75.02331810559775,3.266191530162575,2.7982434174345707,978,70.40056277641793,514.1645363239181,0
63.75927759363476,4.111263941535275,0.048854237095918296,456,49.2592953709339,2842.727571146987,0
83.13120563984697,2.634379451212831,1.6323065412199593,743,26.218817156129507,2554.816589849824,1
61.43769095186968,9.176055052002654,2.5885582169235573,800,67.86278739039298,2522.9579278475776,0
78.6239207252984,6.250526152895084,0.43933249572416677,161,58.15738697824898,2711.060688754943,0
81.70578538830307,4.607662750872759,1.7531346560459038,784,88.63617754007743,2250.0856819302608,1
71.46165008513138,5.1580522327971945,0.16601554395683282,460,35.918664710296525,761.0103243702035,0
83.63333042276042,9.525550056506338,0.3928924857751037,550,48.278451342858375,1497.7504701843077,0
61.220009997561974,2.380162628044722,1.9846163810079802,500,57.9782062376796,2307.8737161615736,0
61.493927549968575,6.276068488151175,0.6635787702153018,738,75.41899919173461,1200.8361519788023,0
92.90402242638633,5.5529981099601935,2.8377042413077906,509,58.41870597040411,2218.515910340594,0
74.40762565645052,6.503088118911831,3.4473248456863286,654,62.90301126033644,561.2461206691308,0
65.0824205060754,1.1629916543875645,4.002933495545414,804,35.83029361129585,1265.343352198983,0
80.88973040219217,8.849115180497364,1.0007512212240504,481,79.28431096619919,1872.8258406929317,0
90.79974212394444,9.38906454235251,0.8374129112953488,663,50.0041382879333,2080.224573765606,0
68.63284109987373,6.086198652302881,0.5228392016720013,114,29.867173926523847,1942.601661154777,0
84.91561903276,7.26985741489203,3.1821512477181835,749,66.49315401537922,2244.3906901835735,0
63.41389859975072,9.302494430595662,3.5323786324345057,578,35.12633172297153,515.2218705995977,0
62.067268846744305,7.3651477088205874,0.1579307241282102,361,26.82937571675098,752.3529999438038,0
81.25418526272591,2.3728513862283522,4.681061231218449,341,80.33908358829906,2672.3606306978627,0
81.62540486440426,6.186595241501319,0.25985641825736205,770,52.21135851419078,2204.371610225403,0
85.49719605992826,6.460435417445703,2.7064816765053523,987,72.44985988870435,782.3291067150283,1
89.04365334890646,4.817176041721474,3.545302597254582,761,40.34112918644486,2605.186093496448,0
99.03408317850139,7.627998120622506,4.354845618730428,969,75.08790944423664,1105.5780445614173,0
80.65201393204781,9.409303132921133,3.570434660662139,449,27.835514891507124,1695.6497104880586,0
72.91825891764984,9.330116616160987,4.008640415348959,843,44.918136165639694,862.9912822116507,0
91.80744779074814,5.057554342637189,1.6972509627140302,835,88.464327258147,2275.275141054267,0
70.83329005048297,2.019142412566797,4.074125568732561,180,75.57928014576044,2167.1360525356695,0
77.55885682822544,9.863570790661012,0.4005742319233757,702,54.80791512202817,1027.7811779153403,0
63.13825525369064,8.550082778013408,4.474083280302638,407,43.78442300933196,2658.5019171425047,0
61.0140297366183,2.1219641308294017,2.7379618807686814,666,81.04949900157337,1503.2650605492804,0
98.505936587117,9.28757694355635,4.0864888498124685,196,58.13934313591609,1231.2877276768545,0
93.43920482048824,8.829067258559155,2.2615914225915006,466,73.08975125083778,880.8239736613386,0
87.83896824374793,5.669542514134649,3.2178884759826247,311,72.78753762213148,1165.4200312888438,0
76.3581177765708,6.321478921704363,2.632013304680566,262,21.25619749979443,555.0673030595425,0
66.93177280283383,4.591024334831173,3.6579476087766594,419,28.83776479548294,1958.143731140289,0
66.25748170684344,1.492854749398282,0.4081499101529479,406,66.17405564763196,2605.57686585987,0
70.00971592658381,4.016775174813109,0.301760419952819,939,31.313386790011002,1872.4511236041046,0
81.96906658824481,8.225681037382103,1.2355161700507322,143,37.88453412589233,1048.1849048096892,0
88.5838369080025,1.0416882070414257,0.7977234005659417,342,86.2646567939725,584.1729455346818,0
86.40789506870925,4.001492545220298,4.3589178329610085,316,59.21275808624383,1036.5701831470071,0
71.19735587783771,4.58351824231849,1.0960699367902216,101,72.5510654899543,1540.3035701777308,0
98.19461122652777,5.836560426441306,4.879326279095657,244,59.058651714784794,2399.028571749491,0
89.51587666783074,9.278700547714845,1.6844789588555342,490,58.675953034790766,969.6071313444353,1
82.17416210045603,4.1171139492936515,0.9105895784434964,12,26.590633708798855,2299.478633386715,0
84.46882984937409,4.122578817066049,3.9484925357123957,239,44.056423482637214,2667.333670879709,0
76.7840024971116,7.637511232987736,3.2935388775043806,561,39.77016290805582,1634.8671202708927,0
69.9092395800463,5.069961468008264,2.490978582265695,42,47.350985592952924,2553.5799791064833,0
74.23890714605047,3.021443406459838,2.7768177546881563,678,75.88409317570299,1886.643370087739,0
90.31384441857476,5.07195564519424,3.5960088913613193,594,46.03528675418054,2092.7270927022623,0
60.57573954519023,2.2677131834181985,1.1422737066564936,429,51.61877734621779,1815.6961508455067,0
64.64290562027665,2.58748287855601,4.981669580283709,803,47.81669733397216,1657.9317918783545,1
61.84010568087011,5.4853099546553175,4.873965810733916,158,26.538558038270693,1086.6336044396235,0
61.62915209275881,4.770329045540931,3.2516284317346846,216,50.87505107755486,1257.9851486526152,1
94.21842336044028,9.2336131096129,0.9977122546457257,670,33.692649113116055,1224.9252973590226,0
88.14631437520094,4.261545092049698,3.401141212156457,462,33.0706307041129,1908.2223273845368,0
78.966953163493,6.225295152502391,0.3609920448958792,134,26.582527310398646,799.8842325597248,0
63.91336642604006,6.690378591275773,0.15326251102903032,67,44.966968189923534,2791.9792267558378,0
79.6646350046733,1.1178501092950026,1.2884144425560684,848,73.0237319352592,2301.637863207783,0
78.93887083122263,6.971836348150395,2.3131147836965815,7,39.35091834083772,1503.614077282984,0
66.92807479640061,2.6023237018277627,4.341362527041903,948,41.86443713198595,896.5603613159449,0
77.35406596951893,9.649632857225097,3.6358453488315403,526,64.98722603706966,2704.9804243040894,0
75.94018937589493,2.3379645497780164,3.713532605999905,73,33.70885688108432,2559.445225252913,0
84.63400392208865,4.731617113543214,2.1274666722403768,399,82.7870551296474,2304.3038817929482,0
85.40374603470575,1.7681470127077947,1.7296749627348147,405,56.413336627608814,1178.867618528106,0
61.81216039088178,9.971868266613527,1.8551938149230134,675,51.33220582241519,1506.1165935841723,0
74.98450458505884,5.519755092981184,4.938247818680289,578,59.0474134350441,756.8706311310584,0
85.03439662856945,6.358465155880394,0.2005459570624124,859,31.62240193913368,972.5988118188293,0
80.12545034320351,1.6036882964958474,4.335157480612243,130,62.943119704742344,2457.541593291832,0
94.25959364753288,7.7496442335926,2.893377042861967,931,45.41705156438073,2287.5967971267096,0
86.3477452647578,2.889150337860272,2.1930770959479524,466,82.80304386752331,1983.7144074398368,1
66.51737708325719,9.082488604966423,3.6262883020756824,206,31.81979446743803,2739.3168148154323,0
62.82274989601719,2.8462567643380643,2.4333447071235144,788,55.49357727058087,1958.1662945326134,0
85.69677112825262,2.716189485972999,4.367116190408303,978,61.86788405583126,1667.4199999090267,0
61.06045242166487,1.328947010632854,4.503509320056293,768,22.336852125046686,1350.9268657644068,0
83.43102325093852,5.248602505989993,2.108604634367277,266,45.45851873292982,2851.1212643404315,0
97.6092096569983,6.083570199363548,1.384138986175258,537,71.2844664290583,706.7886538108837,0
83.01896711503517,1.5913777548551713,2.961751642966811,962,77.42642552142813,2827.218430152021,0
75.52679704826087,7.9797485502550956,4.561816728083455,793,41.92133963720977,2566.7866498275457,0
85.73152873769413,5.079599512732249,1.053310945028333,253,75.90152906679259,824.8248113392533,1
78.33011561966066,5.7195124239482205,3.114832917817414,822,87.74291139723722,1912.4608941881338,0
81.8246715726374,4.966864722444053,3.1578011004626028,289,79.98117552525659,2666.369954372717,0
97.658592351061,4.606867547877934,3.665565112076405,164,28.235079171152762,1929.5229090178843,0
75.44410551203097,6.036762981773961,0.657838425636299,95,71.78112324598784,2767.999553901556,0
98.44762255295657,2.3971622133764123,3.5791248234104427,782,42.37667827083813,2857.459542040106,1
96.21402567824255,2.63735317445744,4.545162603328205,833,89.18911925884535,1555.9613054607648,0
67.83164539157185,8.756070589121656,0.8984155443512098,110,53.9751288211921,1443.284153515809,0
62.77445203500662,9.515039159202695,1.1877166246193882,336,28.57037288512587,2840.802884922892,0
64.03112005509706,4.359783846517777,4.856975470208198,822,70.76298836191735,2187.85015287417,0
60.72887302606199,3.436702058291984,0.9048847635474488,238,42.61078388703497,790.0567033704233,0
63.77771843023714,6.795995889151142,4.271925466847896,381,89.79547099571631,605.729373056703,0
87.32027093665428,4.678607539882868,2.461389282240174,436,88.58477204981654,1911.5726274931578,0
62.84754593840916,1.2284772009431038,1.2361553720158853,899,65.92938126144065,2825.4274135960613,0
72.75902521175045,2.4053733762957132,4.353749506362557,483,29.08785142662023,2610.621756014546,0
93.79501243877817,7.443750059626578,2.2265262750133274,937,68.08026983725203,2189.6193661608413,0
60.93087742943303,6.930315477191362,2.574086769648451,902,26.512134052201905,847.7896222277188,0
92.57873930355743,1.2438639325313514,1.7961668469988283,25,22.05549113716746,1135.578459371739,0
71.27419099093599,2.997749457396545,2.9647542571746373,653,77.60709123550402,2688.77806638154,0
64.72659310486625,3.0796731692926427,0.8176193629251138,117,34.682706337857695,957.0180916422512,0
87.86948661456603,7.047034692388555,1.9554076832588034,482,46.53189883533682,1196.0985206260864,0
85.15771387119536,1.1773948397892773,4.847061611676438,392,88.14201729833212,824.0016279886049,1
95.09888054108211,1.9369772378611647,1.2906671635056377,917,43.57883513027723,2190.2705785360276,0
89.40284175215544,8.199244768358703,3.283683322706461,994,40.75428468983207,2859.955763408024,0
92.13923721539393,2.6069019584890025,1.6259503211234745,964,84.27455997359426,1172.4200789884649,0
71.28138290285226,6.874714970666872,3.8673656284330034,537,27.752391172327066,1688.5165196251842,0
67.09758175118891,3.1436450294205387,0.6543683035917491,79,73.17076870802423,2085.849349278011,0
90.02459006563433,1.8949725348341064,4.849105225392724,580,89.16458966569418,2998.665620539077,0
92.27338957069057,3.1885497189950867,2.2689477069181962,173,83.09072075422542,762.0201624939302,0
99.62020568002694,7.500402386700932,1.1802523167323198,956,65.61675430944982,1746.4269987642729,1
76.50470707645707,8.701268212956572,0.3674837366500633,12,41.98425564949124,1462.8002997562503,0
74.88072343171133,8.471978781102925,0.8487895254377037,800,37.80253868248217,2664.550413055888,0
91.05651842967987,4.5746517665660935,2.598869742780088,128,77.34785734100228,1689.9193275291398,0
73.63214161012071,7.012766229135815,1.6850158821564314,608,81.58753397661867,777.4438114628701,0
97.23029302414258,2.844858658742389,4.144416829413047,92,56.7804438781985,2086.0603632164593,0
94.33651007372048,3.6383295723491194,2.1544376183090295,653,37.10379585505263,2426.951545659699,0
77.15976109500073,9.067022366690077,1.2435713629381495,543,27.90602458878215,507.20312916403645,0
90.03484271165989,1.1170173115966242,3.0857249330201504,846,26.10256274822818,2647.391713551574,0
90.1817149633873,1.7695767776902127,3.533886084427229,532,70.33542131476989,965.0575000141641,0
64.12495475343731,2.870976296314246,0.8352095395047493,658,49.408310949340745,1880.1734116334446,0
96.10211626718267,1.2387898348643773,0.8380960814415883,989,83.37519119945092,1539.4937517186254,0
80.21009489791429,2.632918915808176,0.18335713466771486,828,71.77699105087345,2299.134541526326,0
93.05829864430967,6.247374048727229,3.6820100753282023,447,33.38822925402107,1427.9040369643544,0
72.80198404122447,4.792820955332481,3.3190226381090255,390,62.96441931709893,2674.4079417042767,0
95.82092913984802,9.034045399692774,2.3731543787490694,672,50.48538180787115,2326.240902396976,0
75.56806714936653,8.356992055645968,4.220852244845986,861,60.40748115380291,2119.282927657304,0
60.433506059211936,4.076356165280884,4.028350764750266,43,71.6648386336962,2490.6014889071357,0
96.21527905677056,3.3348109008816325,2.9267718219837606,254,76.43371167026535,2385.0575873209555,0
63.65146707144534,4.417231673505402,4.341356402566293,130,79.0616128484707,589.8466873038833,0
72.7725455036166,6.31265448263327,1.0292060501838414,60,37.778241220041735,1486.8358846120705,0
98.0024786820322,3.4125727674058863,0.5595980969886394,663,22.178091994215038,2827.0182432912247,0
98.02428587750225,6.617340170642207,1.348748057584948,467,71.75063146153411,814.3106724805655,0
82.93751552493144,4.684704869721164,0.28543428044657426,287,27.44406083790422,2342.7413760801282,0
85.27348848679196,5.968424627667822,2.65584764000516,517,42.04437120290774,2936.479528338324,0
77.93782087913279,4.92513876221785,4.683028461474807,467,20.2671993887043,630.4965726124291,0
71.72843086792258,3.650191835877259,0.19671770334254823,930,67.7168637681134,2205.4847015665264,1
73.14658181479663,9.53607976265941,0.610549570050134,778,31.699240802985486,1670.385353252576,0
86.90073824308153,7.872452147437848,2.2609951414171765,345,65.86976867841608,1947.9381384368053,0
90.09498117750721,2.261018581898073,4.669375087639525,642,89.42198320174872,713.3533412108121,0
91.66316174903395,8.816211783081215,1.5807805248837525,382,25.08696101270114,607.5173796673487,1
91.58472571178216,5.386880784245623,2.536174043441962,779,25.395460836602247,2167.1666513773043,0
63.64824412194761,9.050970042046822,0.20786429525196048,690,43.826606486667245,2558.273574551795,0
79.77681218810326,8.198697303525837,0.7417160048104443,253,80.64705599759395,2455.0383373324185,0
62.30235040066577,4.8269215402231005,4.933150614794235,927,35.087090815393225,1859.5143196655933,0
81.98115529294942,1.2022237748810567,4.825593482180228,56,45.226447395124325,749.6670528404454,0
77.66122005493509,3.4180962344645147,0.02469990467204808,463,24.795378463888568,2220.1111095900346,0
95.508167310332,5.874707931947802,4.759058927116195,457,73.42087038812225,1104.722208885365,1
74.03660050208315,6.701303978435325,3.195599689077502,983,48.58144399316158,2777.671756918459,0
64.68268065710423,3.3209891688988207,4.339591472600111,83,73.14741131425899,2595.6633988642625,0
65.71966728211343,2.254204666655417,2.2736992781692953,905,83.25254910427566,2273.4574177184772,0
90.46042526869888,8.514372131193692,2.5779801428962514,99,36.293420297090215,2872.114889577826,0
84.72872253265044,9.85961962633197,2.444232901284601,149,76.5177221237966,578.5545537781824,0
64.04490704491161,5.731211640724172,3.3343212877305217,329,24.136572305477728,2340.501062651905,0
63.364272244599896,2.5451135726347314,0.6982562737815645,156,82.91931717261731,1325.6069483410133,0
88.0387652583648,3.4507659386743206,0.14986794936338976,190,65.55379832911231,2765.164714215913,0
62.91052025456774,1.1655160889272005,1.5396497079559546,494,81.19587068968461,1166.687991654944,0
92.87440237161425,9.228689259044492,3.5234038136832337,883,20.013187968960732,2312.1412482875426,0
88.24968908625985,2.05975974601127,1.0092672606147417,263,31.835674924919473,2694.1175491269537,0
63.25395122567599,6.188648279628282,3.3671621666245866,80,47.283157119854444,604.142045956706,0
63.39350856340768,3.466496986184854,4.849560230536352,400,46.5652032362303,1494.1189489800904,0
99.46558314004702,5.9876020226421405,0.46950357894709194,764,35.87112680464575,2405.772580054847,0
74.9708318302448,6.862783495166778,3.363010591125631,609,46.712835790704005,1637.2972237689678,0
74.82568588267563,8.467676233364815,2.2187510965228556,260,29.019409840017836,1168.1315744839883,1
92.5119826903001,2.8577914458454288,4.3407112718875265,772,48.89327904862182,1049.5133720579752,0
97.88994309535434,1.0989624579263242,0.8857489472369295,615,76.1648030411485,828.7956672909447,0
99.44004255291483,2.2319706706192655,3.4631297611308227,552,53.534904417234586,2642.823899640706,0
90.13512741035767,9.100167776632945,4.190576448240551,785,21.26000622616505,1938.38850812889,0
75.05038342123663,8.865010698062637,4.723071097370116,101,49.50108291054732,690.96236247864,0
63.340028667946754,6.376717919532775,3.4162401414482293,359,21.90225112635909,1456.4508089265887,0
91.08587663709747,6.40465174390288,2.4858738200421366,380,87.63703874947588,1419.3341270127748,0
82.3361699894322,6.9853300709163,3.089236201006069,820,28.92177715960083,954.3479767736575,0
76.96888036987906,2.5783415076110465,4.344524922393591,221,69.53818284314332,1588.7690636804766,0
96.25417540378945,9.229707513324637,2.8530487331941483,820,88.094342602446,1330.248413482841,0
64.44789929224605,4.768934724028658,0.1519352984841843,420,77.82273361666003,1354.5092637304563,0
79.70500417163436,4.448246754245477,4.654743477534889,124,68.95207625883427,2347.5663944698967,0
60.454145790696764,5.670259347545538,3.447633755157806,422,78.76226366505368,1058.1584637629908,0
78.74642567976505,1.4226937009754954,3.3825669288862326,231,88.72590852824393,2104.6498971383885,0
62.25213102727349,2.4965503188047147,1.0783757619885859,690,63.49411480774707,1926.6240597023373,0
64.75271665072287,7.642302547837334,3.2944273511632858,63,59.14293647805285,1920.2312808446682,0
64.7010498710842,1.7451880113261382,1.9693220282707924,485,63.976667732429696,2157.51836535444,0
85.96841208464255,6.428368985197494,3.2561648852074603,628,57.28731207330885,1870.9550904891348,0
89.84179517061693,3.2081419871318886,0.5329651515399536,703,64.45623741368031,2698.1377871159616,0
83.33475060388639,4.503660526377789,3.2892265230151803,574,51.48895455807914,2188.9502298756497,0
98.48690193898167,3.598243630936299,4.997068628853333,768,35.291022801831495,1867.4081284284703,0
74.99482318094816,4.201054448184542,0.24106019430278014,483,28.417305855817293,2574.4078007191124,0
71.42848345127443,7.471413146658209,4.885870921106586,519,24.783865487258225,2015.3664123336994,0
94.7439651275784,3.6740954406085753,2.034539803614353,155,38.432104862724,1227.8606194629474,0
68.9438335407781,6.097641762672074,4.353767251686296,92,23.22864950350137,1017.737295441428,0
98.52890157762445,5.284453619791897,3.9119274202913674,982,59.70195459435699,880.819464156697,0
60.48617898759265,6.973040488263833,2.8350813049333388,526,39.86799129164642,2748.638031365254,0
98.79515306830555,9.431467653922821,3.6922460462566327,455,77.71743656609226,2275.3385794951646,0
61.72639647802305,7.593148874892252,4.39257780650674,741,25.19686110918705,2843.4460954108017,0
95.64572454792284,2.934463407316811,2.0207016082551648,598,35.84460460390402,2008.2295142873575,0
81.108044363452,1.2806482155515622,1.6351658078161935,645,71.11723029631021,1683.5022037372814,0
99.71859184477202,3.360376398698426,3.3379669278179236,510,61.9165807468444,649.2912224272234,0
62.95186258941595,6.355701376302293,4.039229709706293,183,24.514388987441727,2179.1057038650742,0
82.15417137605283,1.462832321358253,3.811425673883079,386,81.40676200135402,1955.521899420578,0
98.77210142476396,5.467296224811127,3.9890682442931724,574,81.40832339783256,2975.5222339690536,0
80.92391376680595,6.371585640252003,2.177916574064665,731,43.12856027130417,1097.8969444556076,0
85.1759455254105,4.008195017352648,4.089171080875108,405,43.82840903446953,1826.8433882170896,0
87.82994755938469,7.938209833712397,0.6010452768530422,246,89.23198508451217,2127.3933377951817,0
78.18164259071094,1.9593842782039461,2.722445489804248,742,63.832332011519675,2111.4779368558593,0
85.10232320336254,1.6762400356222789,0.028793302490607853,591,57.19215643976414,1903.2338573710067,1
83.372572476924,7.55369880583243,1.6229291495013514,661,78.67065284863472,2442.3200258180636,0
96.04632041963956,5.459421845855786,1.8323076743569895,650,39.97032368501215,1012.4530238170411,0
61.81785521365831,7.195621567849624,1.980863458046277,471,50.042781537744986,2314.0680006860393,0
71.2385275836892,4.913446047433716,3.477336033449311,826,38.74436728418339,2049.336428582723,0
98.01645936306235,3.2176182991519613,1.9427905063517286,888,75.2412592612112,2740.187779486433,0
95.61055135563666,8.371920859067798,2.2434681131126535,423,60.13445419446526,2617.9860975839542,0
78.22627011142852,8.194742910720812,1.1877206543716374,901,66.11775490980494,1287.8675978313831,0
84.80530391206148,7.252268237689841,1.8662589581467004,65,37.66150748875846,1190.5933124378826,0
71.0952473192453,3.449306235069664,1.1363481363157573,13,35.41577109641206,2954.1333096311196,0
67.52484638895045,6.312076001821784,0.3659796188422182,213,54.18622402880571,1818.1629522881412,0
78.54793619759928,4.248765072460241,3.0172429669068896,986,71.62960243649788,2766.052409786092,0
74.13408912104211,1.8242386599397074,3.3410639927750814,242,56.76678302641121,909.7025594512055,1
83.34624447403488,9.255822179160186,3.0974517300480726,493,22.285197428196803,2107.047287000436,0
63.10938547859939,2.2313676782706526,2.3174702190028618,213,80.79860544242021,2524.6504684014653,0
98.97579230664667,9.552136184387223,1.898928900896149,693,24.52808254605921,2868.488123966117,1
99.44842977918412,5.014051956621602,4.316668247859126,338,86.90771386045266,1343.3503525425585,0
